MOTUs;LIV_CAL_01;LIV_CAL_02;LIV_CAL_03;LIV_ISO_01;LIV_ISO_02;LIV_ISO_03;LIV_SON_01;LIV_SON_02;PAL_COS_01;PAL_COS_02;PAL_COS_03;PAL_RIB_01;PAL_RIB_02;PAL_RIB_03;PAL_SPA_01;PAL_SPA_02;ROV_BAG_01;ROV_BAG_02;ROV_BAG_03;ROV_FIG_01;ROV_FIG_02;ROV_FIG_03;ROV_SAN_01;ROV_SAN_02;ROV_SAN_03
ASUs_000110555;0;0;0;0;0;0;0;0;0;0;0;0;0;0;0;0;0;0;0;0;0;1;0;0;0
ASUs_000183775;0;0;0;0;0;0;0;0;0;0;2;0;0;0;0;0;0;0;0;0;0;0;0;0;0
ASUs_000188429;0;0;0;0;0;0;0;0;0;0;0;0;0;0;0;0;0;0;0;0;0;0;0;0;1
ASUs_000198686;1;0;0;0;1;0;0;0;0;0;0;0;0;0;0;0;0;0;0;0;0;0;0;0;0
ASUs_000279249;0;0;0;0;0;0;0;0;0;0;0;0;2;0;0;0;0;0;0;0;0;0;0;0;0
ASUs_000334624;0;0;0;0;2;0;1;0;0;0;0;0;2;0;0;0;0;0;0;0;0;0;0;0;0
ASUs_000394709;0;0;0;0;0;0;0;0;0;0;0;0;0;0;0;0;1;0;0;0;0;0;0;0;0
ASUs_000494479;0;0;0;0;0;0;0;0;0;0;0;0;0;0;0;1;0;0;0;0;0;0;0;0;0
ASUs_000521722;0;0;0;0;0;0;0;0;0;0;0;0;2;0;0;0;0;0;0;0;0;0;0;0;0
ASUs_000001702;0;0;0;0;0;0;0;0;0;0;0;0;0;0;0;0;1;0;0;0;0;1;0;0;0
ASUs_000010726;0;0;0;0;0;1;0;0;0;0;0;0;0;0;0;0;0;0;0;0;0;0;0;0;0
ASUs_000011246;0;0;0;0;0;0;0;0;0;0;0;0;0;0;0;0;1;0;0;0;0;0;0;0;0
ASUs_000016841;0;0;0;0;0;1;0;0;0;0;0;0;0;0;0;0;0;0;0;0;0;0;0;0;0
ASUs_000038611;0;0;0;0;0;0;0;0;0;0;1;0;0;0;0;0;0;0;0;0;0;0;0;0;0
ASUs_000039877;0;0;0;0;0;0;0;0;0;0;2;0;0;0;0;0;0;0;0;0;0;0;0;0;0
ASUs_000098469;0;0;0;0;0;0;0;0;0;0;0;0;0;1;0;0;0;0;0;0;0;0;0;0;0
ASUs_000129307;0;0;0;0;0;0;0;0;0;0;0;0;0;0;0;0;0;0;0;1;0;2;0;0;0
ASUs_000166104;0;0;1;0;0;0;0;0;0;0;2;0;0;0;0;0;0;0;1;0;0;0;0;0;1
ASUs_000170590;0;0;0;0;0;0;0;0;0;0;0;0;1;0;0;0;0;0;0;0;0;0;0;0;1
ASUs_000170955;0;0;0;2;0;0;0;0;0;0;0;0;0;0;0;0;0;0;0;0;0;0;0;0;0
ASUs_000354636;0;0;0;0;0;1;0;0;0;0;0;0;0;0;2;0;0;0;0;0;0;0;0;0;0
ASUs_000376583;0;0;0;0;0;0;0;0;0;1;0;0;0;0;0;0;0;0;0;0;0;0;0;0;0
ASUs_000445435;0;0;0;0;0;0;0;0;0;0;3;0;0;0;0;0;0;0;0;0;0;0;0;0;0
ASUs_000445636;0;0;0;0;0;0;0;0;1;0;0;0;0;0;0;0;0;0;0;0;0;0;0;0;0
ASUs_000010789;0;0;0;0;0;0;0;0;0;0;0;0;0;0;0;0;0;0;0;0;1;0;0;0;0
ASUs_000033670;0;0;0;0;0;0;0;0;0;0;0;0;0;0;0;0;0;4;0;0;0;0;1;0;0
ASUs_000035640;0;0;0;0;0;0;0;0;0;0;0;0;0;0;0;0;0;0;0;0;0;0;2;0;0
ASUs_000037862;0;0;0;0;0;0;0;0;0;0;0;0;0;0;0;2;0;1;0;0;0;0;0;0;0
ASUs_000038982;0;0;0;0;0;1;0;0;0;0;0;0;0;0;0;0;1;1;0;0;0;0;0;0;0
ASUs_000107312;0;0;0;0;1;0;0;0;0;0;0;0;0;0;0;0;0;0;0;0;0;4;0;0;0
ASUs_000122621;0;0;0;0;1;0;0;0;0;0;0;0;0;0;1;0;0;0;0;0;0;0;0;0;0
ASUs_000154169;1;0;0;0;0;0;0;0;0;2;0;0;0;0;0;0;0;0;0;0;0;0;0;1;0
ASUs_000190667;0;1;0;0;0;0;0;0;0;0;0;0;0;0;0;0;0;0;0;0;0;0;0;0;0
ASUs_000198780;0;0;1;0;0;0;1;0;0;0;0;0;0;0;0;0;0;0;0;0;0;0;0;0;0
ASUs_000316187;0;0;0;0;0;0;0;0;0;0;0;0;0;0;1;0;0;0;0;0;0;0;0;0;0
ASUs_000354391;0;0;0;0;0;1;0;0;1;0;0;0;0;0;0;0;0;0;0;0;0;0;0;0;0
ASUs_000394905;0;0;0;0;0;0;1;0;0;0;0;0;0;0;0;0;0;1;0;0;0;0;0;0;0
ASUs_000464152;0;0;0;0;0;0;0;0;0;0;0;1;0;0;0;0;0;0;0;0;0;0;0;0;0
ASUs_000001822;0;0;0;0;0;0;0;0;0;0;0;0;0;0;0;0;1;0;0;0;0;0;0;0;0
ASUs_000003833;0;0;0;0;0;0;0;0;0;0;0;0;0;0;0;0;1;0;0;0;0;0;0;1;0
ASUs_000016833;0;0;0;0;0;1;0;0;0;0;0;0;0;0;0;0;0;0;0;0;0;0;0;0;0
ASUs_000033613;0;0;0;0;0;0;0;0;0;0;0;0;0;0;0;0;0;3;0;0;1;0;0;0;0
ASUs_000077844;0;0;0;0;0;0;0;0;0;0;0;0;0;0;0;0;0;0;0;0;1;0;1;0;0
ASUs_000100752;0;0;0;0;0;2;0;0;0;0;0;0;0;0;0;0;0;0;0;0;0;0;0;0;0
ASUs_000108755;0;0;0;0;0;0;0;0;0;0;0;0;0;0;1;0;0;0;0;0;0;1;0;0;0
ASUs_000135399;0;0;0;0;0;0;0;0;0;0;0;0;0;0;0;0;0;0;0;0;0;0;0;0;1
ASUs_000136557;0;0;0;0;0;0;0;0;0;0;0;0;0;0;0;0;0;0;0;0;0;0;1;0;0
ASUs_000203279;0;0;0;0;1;0;0;0;0;0;0;0;0;0;0;0;0;0;0;0;0;0;0;0;0
ASUs_000225903;0;0;0;0;0;0;0;3;0;0;0;0;0;0;0;0;0;0;0;0;0;0;0;0;0
ASUs_000227109;0;0;0;0;0;0;0;0;0;0;0;0;1;0;0;0;0;0;0;0;0;0;0;0;0
ASUs_000270049;0;0;0;1;0;0;0;0;0;0;0;1;0;0;0;0;0;0;0;0;0;0;0;0;0
ASUs_000303583;0;0;0;1;0;0;0;0;2;1;0;0;0;0;0;0;0;0;0;0;0;0;0;0;0
ASUs_000394935;0;1;0;0;0;0;0;0;0;4;0;0;0;0;0;0;0;0;0;0;0;0;0;0;0
ASUs_000053985;0;0;0;0;0;0;0;0;1;0;0;0;0;0;1;0;0;0;0;0;0;0;0;0;0
ASUs_000057398;0;0;0;0;0;0;0;0;0;0;0;0;0;0;0;0;0;0;1;0;0;0;0;0;0
ASUs_000080741;0;0;0;0;0;0;0;0;0;0;0;0;0;0;1;0;0;0;0;0;0;0;0;0;0
ASUs_000084425;0;0;0;0;0;0;0;0;0;0;0;0;1;0;0;0;0;0;0;0;0;0;0;0;0
ASUs_000113618;0;0;0;0;0;1;0;0;0;0;0;0;0;0;0;0;0;0;0;0;0;0;0;0;0
ASUs_000150344;0;0;0;0;0;0;0;0;0;0;0;0;0;2;0;0;0;0;0;0;0;0;0;0;0
ASUs_000250328;0;1;0;0;0;0;0;0;0;0;0;0;0;0;0;0;0;0;0;0;0;0;0;0;0
ASUs_000273159;0;0;0;0;2;0;0;0;0;0;0;0;0;0;0;0;0;0;0;0;0;0;0;0;0
ASUs_000295665;0;0;0;0;0;0;0;0;0;2;0;0;0;0;0;0;0;0;0;0;0;0;0;0;0
ASUs_000018543;0;0;0;0;0;0;0;1;0;0;0;0;0;0;0;0;0;0;0;0;0;0;0;3;0
ASUs_000051351;0;3;0;0;0;0;0;0;0;0;0;0;0;0;0;0;0;0;0;0;0;0;0;0;0
ASUs_000051872;0;0;0;0;0;0;0;2;0;0;0;0;0;1;0;0;0;0;0;0;0;0;0;0;0
ASUs_000137712;0;0;0;0;0;0;0;0;0;0;0;0;0;0;0;0;0;0;0;0;0;0;1;1;1
ASUs_000188240;0;0;0;0;0;0;0;1;0;0;0;0;0;0;0;0;0;0;0;0;0;0;0;0;0
ASUs_000218592;4;0;0;0;1;0;0;0;0;0;0;0;0;0;0;0;0;0;0;0;0;0;0;0;0
ASUs_000234286;0;0;0;0;0;0;1;0;0;0;0;0;0;0;0;0;0;0;0;0;0;0;0;0;0
ASUs_000254498;0;0;0;0;0;0;1;0;0;0;0;1;1;0;0;0;0;0;0;0;0;0;0;0;0
ASUs_000276496;0;0;0;0;1;0;0;0;0;0;0;0;0;0;0;0;0;0;0;0;0;0;0;0;0
ASUs_000415010;0;0;0;0;0;0;0;3;0;0;0;0;0;0;0;0;0;0;0;0;0;0;0;0;0
ASUs_000000301;0;0;0;0;0;0;0;0;0;0;0;0;0;0;2;0;1;1;0;0;0;0;0;0;0
ASUs_000026798;0;0;0;1;0;0;0;0;1;1;0;0;0;0;0;0;0;0;0;0;0;0;0;0;0
ASUs_000031721;0;0;0;0;0;0;0;0;0;0;0;0;0;0;0;0;1;1;0;0;0;0;0;0;0
ASUs_000050586;0;0;0;0;0;0;0;0;0;0;0;0;0;0;0;0;0;0;1;0;0;0;0;0;0
ASUs_000114879;0;0;0;0;0;0;0;0;1;0;0;0;0;0;0;0;0;0;0;0;0;1;0;0;0
ASUs_000154881;2;0;0;0;0;0;0;0;0;0;0;0;0;0;0;0;0;0;0;0;0;0;0;0;0
ASUs_000226749;0;0;0;0;0;0;0;0;0;0;0;0;0;0;0;1;0;0;0;0;0;0;0;0;0
ASUs_000230316;0;0;0;0;0;1;0;0;0;0;0;0;0;0;0;0;0;0;0;0;0;0;0;0;0
ASUs_000285303;0;0;0;0;0;0;0;0;0;0;0;0;0;0;1;2;0;0;0;0;0;0;0;0;0
ASUs_000296816;0;0;0;0;0;0;0;0;0;0;0;2;0;0;0;0;0;0;0;0;0;0;0;0;0
ASUs_000298092;0;0;0;0;0;0;0;0;2;0;0;0;0;0;0;0;0;0;0;0;0;0;0;0;0
ASUs_000351777;0;0;0;0;0;2;0;0;0;0;0;0;0;0;0;0;0;0;0;0;0;0;0;0;0
ASUs_000479508;0;0;0;0;0;0;0;0;0;0;3;0;0;0;0;0;0;0;0;0;0;0;0;0;0
ASUs_000488598;0;0;0;0;0;0;0;0;0;0;0;1;1;0;0;0;0;0;0;0;0;0;0;0;0
ASUs_000000374;0;0;0;0;0;0;0;0;0;0;0;0;0;0;0;0;0;2;0;0;0;0;0;0;0
ASUs_000000694;0;0;0;0;0;0;0;0;0;0;0;0;0;0;0;0;1;0;0;0;0;0;0;0;0
ASUs_000001107;0;0;0;0;0;0;0;0;0;0;0;0;3;0;0;0;0;0;3;0;0;0;1;0;0
ASUs_000078640;0;0;0;0;0;0;0;0;0;0;0;0;0;0;0;0;0;0;0;0;1;0;0;0;1
ASUs_000114032;0;0;0;0;0;0;0;0;0;0;0;0;0;0;0;0;0;0;0;0;0;1;1;0;0
ASUs_000141251;0;0;0;0;0;0;0;0;0;0;0;1;2;0;0;0;0;0;0;0;0;0;1;0;0
ASUs_000167003;0;0;0;0;0;0;0;0;0;0;0;3;0;0;0;0;0;0;0;0;0;0;0;0;2
ASUs_000194503;0;0;1;0;0;0;0;0;0;0;0;0;0;0;0;0;0;0;0;0;0;0;0;0;0
ASUs_000287218;0;0;0;0;0;4;1;0;0;0;0;0;0;0;0;0;0;0;0;0;0;0;0;0;0
ASUs_000294220;0;0;0;0;0;0;0;0;0;2;0;0;0;0;0;0;0;0;0;0;0;0;0;0;0
ASUs_000294515;0;0;0;0;0;0;0;0;0;0;0;3;0;0;0;0;0;0;0;0;0;0;0;0;0
ASUs_000338599;0;0;0;0;2;0;0;0;0;0;0;0;0;0;2;0;0;0;0;0;0;0;0;0;0
ASUs_000363694;0;0;0;0;0;0;0;1;0;0;0;5;0;0;0;0;0;0;0;0;0;0;0;0;0
ASUs_000067575;2;1;1;0;0;0;0;0;2;2;0;1;0;0;1;0;0;0;0;0;0;0;0;3;0
ASUs_000146819;0;0;0;0;0;0;0;0;0;0;0;0;0;0;0;0;0;0;0;0;0;0;2;5;0
ASUs_000172083;2;0;0;0;0;0;0;0;0;0;0;0;0;0;0;0;0;0;0;0;0;0;0;0;0
ASUs_000183769;0;0;0;0;0;1;0;0;0;0;3;0;0;0;0;0;0;0;0;0;0;0;0;0;0
ASUs_000193123;0;0;0;0;0;0;0;0;0;0;0;0;1;0;0;0;0;0;0;0;0;0;0;0;0
ASUs_000217901;2;0;0;0;0;0;0;0;0;0;0;0;0;0;0;0;0;0;0;0;0;0;0;2;0
ASUs_000240123;1;1;0;0;0;0;2;0;0;0;0;0;0;0;0;0;0;0;0;0;0;0;0;0;0
ASUs_000325731;0;0;0;0;1;0;0;0;0;0;0;0;0;0;0;0;0;0;0;0;0;0;0;0;0
ASUs_000023702;0;2;0;0;0;0;0;0;2;0;0;0;0;0;0;0;0;0;0;0;1;1;0;0;0
ASUs_000040667;0;0;0;0;0;0;1;0;0;0;0;0;1;0;0;0;0;1;0;0;0;0;0;0;0
ASUs_000050970;0;1;0;0;0;0;0;0;0;0;0;0;0;0;0;0;0;0;0;0;0;0;0;0;0
ASUs_000052841;0;0;1;0;0;0;0;0;0;0;3;0;0;0;0;2;0;0;0;0;0;0;0;3;0
ASUs_000068096;0;0;0;0;0;0;0;0;0;0;0;0;0;0;0;0;0;0;0;1;0;0;0;2;0
ASUs_000145520;0;0;1;0;0;1;0;0;0;0;0;0;0;0;0;0;0;0;0;0;0;0;0;0;0
ASUs_000157439;0;0;0;0;0;0;0;0;0;0;0;0;3;0;0;0;0;0;0;0;0;0;0;2;0
ASUs_000199978;1;0;0;0;0;0;1;0;0;0;0;0;0;0;0;0;0;0;0;0;0;0;0;0;0
ASUs_000003417;0;0;0;0;0;0;0;0;0;0;0;0;0;0;0;0;0;0;0;0;1;0;0;0;0
ASUs_000006639;0;0;0;0;0;1;0;0;0;0;0;0;0;0;0;0;0;0;0;0;0;0;0;0;0
ASUs_000019510;0;0;0;0;0;0;0;0;0;0;0;0;0;0;0;0;2;0;0;0;0;0;0;0;0
ASUs_000049751;0;0;0;0;0;0;0;0;0;1;0;0;0;0;0;0;0;0;0;1;0;0;0;0;0
ASUs_000054454;0;0;0;0;0;2;0;0;0;0;0;0;0;0;0;0;0;0;0;0;0;0;0;0;1
ASUs_000066062;0;1;1;0;0;0;1;0;0;0;0;0;0;0;0;0;0;0;0;0;0;0;0;0;0
ASUs_000069547;0;0;0;0;0;0;0;0;0;0;0;1;0;0;0;0;0;0;0;0;0;0;0;0;0
ASUs_000097542;0;0;0;0;0;0;0;0;0;0;0;0;1;2;0;0;0;0;0;0;0;0;0;0;0
ASUs_000112750;0;0;0;0;0;0;0;0;0;0;0;0;0;0;1;0;0;0;0;0;0;0;3;0;0
ASUs_000167075;0;0;0;0;0;1;0;0;0;0;0;0;0;0;0;0;0;0;0;0;0;0;0;0;0
ASUs_000213941;0;0;2;0;0;0;0;0;0;0;0;0;0;0;0;0;0;0;0;0;0;0;0;0;0
ASUs_000262051;0;0;0;2;0;0;0;0;0;1;0;0;0;0;0;0;0;0;0;0;0;0;0;0;0
ASUs_000007567;0;0;0;0;0;0;0;0;0;0;0;0;0;0;0;0;1;0;0;0;0;1;0;0;0
ASUs_000038493;0;0;0;0;0;0;0;0;0;0;0;0;0;0;0;0;0;0;0;1;0;0;0;0;0
ASUs_000093177;0;0;0;0;0;0;0;0;0;2;0;1;2;0;0;0;0;0;0;0;0;0;0;0;0
ASUs_000127312;0;2;0;0;0;0;0;0;0;0;0;0;0;0;0;0;0;0;0;0;0;0;0;0;1
ASUs_000145641;0;0;0;0;0;0;0;0;0;0;0;0;0;0;0;0;0;0;0;0;0;1;0;0;0
ASUs_000347901;0;0;0;0;0;3;0;0;0;0;0;0;0;0;0;0;0;0;0;0;0;0;0;0;0
ASUs_000488426;0;0;0;2;0;0;0;0;0;0;0;0;0;0;0;0;0;0;0;0;0;0;0;0;0
ASUs_000007092;0;0;0;0;0;0;0;0;0;0;0;0;0;0;1;0;1;0;0;0;0;0;1;0;0
ASUs_000022773;0;0;0;0;0;0;0;0;1;0;1;0;0;0;0;0;0;0;0;0;0;0;0;5;1
ASUs_000032138;0;0;0;0;0;0;0;0;0;0;0;0;0;0;0;0;0;3;0;0;0;0;0;0;0
ASUs_000048278;0;0;2;0;0;0;1;0;0;0;0;0;0;0;0;0;0;0;0;0;0;0;0;0;0
ASUs_000063553;0;0;0;0;0;0;0;0;0;0;0;0;0;0;3;0;0;0;0;2;0;0;0;2;0
ASUs_000077588;0;0;0;0;0;0;0;0;0;0;0;0;0;0;0;0;0;0;0;0;3;0;0;0;1
ASUs_000080283;0;0;0;0;0;0;0;0;0;0;0;0;0;0;0;0;0;0;0;0;0;0;2;0;0
ASUs_000105352;0;0;0;0;0;0;0;0;0;0;0;0;0;0;0;0;0;0;0;0;0;1;0;0;0
ASUs_000113416;0;0;0;0;0;0;0;0;0;0;0;0;0;0;4;0;0;0;0;0;0;0;0;0;0
ASUs_000155678;0;0;0;0;0;0;0;0;0;2;0;0;0;0;1;0;0;0;0;0;0;0;0;14;0
ASUs_000222782;0;0;0;0;0;0;1;0;0;0;0;0;0;0;0;0;0;0;0;0;0;0;0;0;0
ASUs_000359877;0;0;0;0;0;0;0;0;0;1;0;0;0;0;0;0;0;0;0;0;0;0;0;0;0
ASUs_000019757;0;0;0;0;0;0;0;0;0;0;0;0;0;0;0;0;0;0;0;0;0;1;0;0;0
ASUs_000049359;0;0;0;0;0;0;0;0;0;0;0;0;0;0;0;0;0;0;0;2;0;0;0;0;0
ASUs_000064276;0;0;0;0;0;0;0;0;0;0;0;0;0;0;0;0;0;0;0;3;0;0;0;0;0
ASUs_000107184;0;0;0;0;0;0;0;0;1;0;0;0;0;0;0;0;0;0;0;0;0;1;0;0;0
ASUs_000108779;0;0;0;0;0;0;0;0;0;0;0;0;0;0;0;0;1;0;0;0;0;1;0;0;0
ASUs_000122783;0;0;1;1;0;0;0;0;2;0;0;0;0;0;0;0;0;0;0;0;0;0;0;0;0
ASUs_000187297;0;2;0;0;0;0;0;0;0;0;0;0;0;0;0;0;0;0;0;0;0;0;0;0;0
ASUs_000209222;1;0;0;0;0;0;0;0;0;0;0;0;0;0;0;0;0;0;0;0;0;0;0;0;0
ASUs_000354874;0;0;0;0;0;0;0;0;0;0;0;1;0;1;0;0;0;0;0;0;0;0;0;0;0
ASUs_000492309;0;0;0;0;0;0;0;0;0;0;2;1;0;0;1;0;0;0;0;0;0;0;0;0;0
ASUs_000527771;0;0;0;0;0;0;0;0;0;0;0;0;0;6;0;0;0;0;0;0;0;0;0;0;0
ASUs_000066031;0;0;0;0;0;0;1;2;0;0;0;0;0;0;0;0;0;0;0;0;0;0;0;0;0
ASUs_000084196;0;0;0;0;0;0;0;1;0;0;0;0;0;0;0;0;0;0;0;0;0;0;0;0;0
ASUs_000198667;7;0;0;0;0;0;0;0;0;0;0;0;0;0;0;0;0;0;0;0;0;0;0;0;0
ASUs_000199959;5;0;0;0;0;0;0;0;0;0;0;0;0;0;0;0;0;0;0;0;0;0;0;0;0
ASUs_000348290;0;0;0;0;0;0;0;3;0;0;0;0;0;0;0;0;0;0;0;0;0;0;0;0;0
ASUs_000002661;0;0;0;0;0;0;0;0;0;0;0;0;0;0;0;0;1;0;0;1;0;2;0;0;0
ASUs_000003754;0;0;0;0;0;0;0;0;0;0;0;0;0;0;0;0;1;0;0;0;0;0;0;0;0
ASUs_000057533;0;0;0;0;0;0;0;0;3;0;0;0;0;0;0;0;0;0;0;0;0;0;0;3;0
ASUs_000077611;0;0;0;0;0;0;0;0;0;0;0;0;0;0;0;0;0;0;0;0;5;0;0;0;0
ASUs_000126171;2;3;0;2;0;0;0;0;0;0;0;0;0;0;0;0;0;0;0;0;0;0;0;0;3
ASUs_000227617;0;0;0;1;1;1;2;0;0;0;0;0;0;0;0;0;0;0;0;0;0;0;0;0;0
ASUs_000228397;1;2;0;0;0;0;0;0;0;0;0;0;0;1;0;3;0;0;0;0;0;0;0;0;0
ASUs_000273041;0;0;1;0;0;0;0;0;0;0;0;0;0;1;0;0;0;0;0;0;0;0;0;0;0
ASUs_000296874;0;0;0;1;0;0;0;0;0;0;0;0;0;0;0;0;0;0;0;0;0;0;0;0;0
ASUs_000386047;0;0;0;0;0;0;3;0;0;0;0;3;0;0;0;0;0;0;0;0;0;0;0;0;0
ASUs_000005695;0;0;0;0;0;0;0;0;0;0;0;0;0;0;0;0;1;0;0;0;0;1;0;0;1
ASUs_000040757;0;0;0;0;0;0;0;0;0;0;2;0;0;0;0;0;0;0;1;0;0;0;0;0;0
ASUs_000107557;0;0;0;0;0;0;0;0;0;0;0;1;0;0;0;0;0;0;0;0;0;0;3;0;0
ASUs_000108608;0;0;0;1;0;0;0;0;0;0;0;0;0;0;0;0;0;0;0;0;0;2;0;0;0
ASUs_000146567;0;0;0;0;0;0;1;0;0;0;0;0;0;0;0;0;0;0;0;0;0;0;2;0;0
ASUs_000202167;0;0;0;1;0;0;0;0;0;0;0;0;0;0;0;0;0;0;0;0;0;0;0;0;0
ASUs_000264991;0;0;1;0;2;0;0;0;0;0;0;0;0;0;0;0;0;0;0;0;0;0;0;0;0
ASUs_000337458;0;0;0;0;0;0;0;0;0;0;0;0;0;0;5;0;0;0;0;0;0;0;0;0;0
ASUs_000337884;0;0;0;0;0;0;0;0;0;0;0;0;0;0;0;2;0;0;0;0;0;0;0;0;0
ASUs_000431951;0;0;0;0;0;0;0;2;0;0;0;0;0;0;0;0;0;0;0;0;0;0;0;0;0
ASUs_000452582;0;0;0;0;0;0;0;0;1;7;0;0;0;0;0;0;0;0;0;0;0;0;0;0;0
ASUs_000022673;0;0;1;1;1;2;0;0;0;0;0;0;0;0;0;0;0;0;0;0;0;0;0;0;0
ASUs_000067287;0;0;0;2;0;0;0;0;0;0;0;1;1;0;0;0;0;0;0;1;0;0;0;0;0
ASUs_000206727;0;1;0;0;0;0;0;0;0;0;0;0;0;0;0;0;0;0;0;0;0;0;0;0;0
ASUs_000311964;0;0;0;0;0;0;0;0;1;0;0;5;0;0;0;0;0;0;0;0;0;0;0;0;0
ASUs_000006318;0;0;0;0;0;0;0;0;0;0;0;0;0;0;0;0;0;2;0;0;0;0;0;0;0
ASUs_000015406;0;0;0;0;0;0;0;1;0;0;0;0;0;0;0;0;0;0;1;0;0;0;0;0;0
ASUs_000017248;0;0;0;0;0;0;1;0;0;0;0;0;0;1;0;0;0;0;0;0;0;0;0;0;0
ASUs_000057718;0;0;0;0;0;1;1;0;0;1;0;0;0;0;0;0;0;0;0;0;0;0;0;0;0
ASUs_000117759;0;0;0;0;0;0;0;0;0;0;0;0;0;0;0;0;0;0;0;0;0;0;0;0;1
ASUs_000232027;0;0;0;0;1;2;0;0;0;0;0;0;0;0;0;0;0;0;0;0;0;0;0;0;0
ASUs_000003614;0;0;0;0;0;0;0;0;0;0;0;0;0;0;0;0;1;0;0;0;0;0;0;0;0
ASUs_000005258;0;0;0;0;0;0;0;0;0;0;0;0;0;0;0;0;0;0;0;3;1;0;0;0;0
ASUs_000105926;0;0;0;0;0;0;0;0;0;0;0;0;0;0;0;0;0;0;0;0;0;2;0;0;0
ASUs_000135787;0;0;0;0;0;0;0;0;0;0;0;0;0;0;0;0;0;0;0;0;0;0;2;0;0
ASUs_000054375;0;0;0;0;0;0;0;0;0;1;0;0;0;0;1;0;0;0;0;1;0;0;0;1;0
ASUs_000065662;0;0;0;0;1;1;0;0;0;0;0;0;0;0;0;0;0;0;0;0;0;0;0;0;0
ASUs_000081021;0;2;0;0;0;1;0;0;0;0;0;0;0;0;0;0;0;0;0;0;1;0;0;0;0
ASUs_000124419;0;0;0;4;0;0;0;0;0;0;0;0;0;0;0;0;0;0;0;0;0;0;0;0;0
ASUs_000125201;0;0;0;0;0;0;0;6;0;0;0;0;0;0;0;0;0;0;0;0;0;0;0;0;0
ASUs_000154693;1;0;0;0;0;0;0;0;0;0;0;0;0;0;0;0;0;0;0;0;0;0;0;20;0
ASUs_000553429;0;0;0;0;0;0;0;0;1;3;0;0;0;0;0;0;0;0;0;0;0;0;0;0;0
ASUs_000006534;0;0;0;0;0;0;0;0;0;0;0;0;0;0;0;0;0;1;0;0;2;0;0;0;0
ASUs_000037102;0;0;2;0;0;0;0;0;0;0;0;0;0;0;0;0;0;2;0;0;0;0;0;0;0
ASUs_000003382;0;0;0;2;0;0;0;1;2;0;0;0;0;0;0;0;0;0;0;1;0;5;0;0;0
ASUs_000004912;0;0;0;0;0;0;0;0;0;0;0;0;0;0;0;0;0;0;0;0;0;0;0;0;1
ASUs_000020899;0;0;0;0;0;0;0;0;0;0;0;0;0;0;0;0;0;0;0;0;0;0;0;0;6
ASUs_000029423;0;0;0;0;0;0;0;0;0;0;0;0;0;0;0;4;0;0;2;1;0;0;0;0;0
ASUs_000066183;0;0;0;0;0;0;0;0;0;0;0;1;0;0;0;0;0;0;0;0;4;0;0;0;0
ASUs_000082499;0;0;0;0;0;0;0;0;0;0;0;0;0;0;0;0;0;0;0;0;0;0;2;0;0
ASUs_000217825;0;0;0;2;0;1;0;0;0;0;0;0;0;1;0;0;0;0;0;0;0;0;0;1;0
ASUs_000587689;0;0;0;0;0;0;0;0;0;0;0;0;0;0;0;0;0;0;0;0;0;0;1;0;0
ASUs_000029651;1;0;1;0;0;1;1;1;0;0;0;0;0;0;0;0;0;3;0;2;0;2;0;0;0
ASUs_000054266;0;0;0;0;0;0;0;0;0;0;0;0;0;0;0;0;0;0;0;4;0;0;0;0;0
ASUs_000114128;0;0;0;0;0;0;0;0;0;0;0;0;2;0;0;0;0;0;0;0;1;0;10;0;0
ASUs_000128973;0;0;1;0;6;0;0;1;0;0;0;0;0;0;1;0;0;0;0;0;0;0;0;0;0
ASUs_000049827;0;0;0;0;1;0;0;0;0;0;0;0;0;0;10;0;0;0;0;0;0;1;2;0;0
ASUs_000053357;0;0;0;0;0;0;0;0;0;1;0;0;0;0;2;0;0;0;2;1;0;0;0;4;0
ASUs_000090203;0;0;0;0;0;0;0;0;0;0;2;1;2;0;0;0;0;0;0;0;0;0;0;0;0
ASUs_000106823;0;0;0;0;0;0;0;0;0;0;0;0;0;0;0;0;0;0;0;0;0;1;0;0;0
ASUs_000204008;0;0;0;0;2;0;0;0;0;0;0;1;0;1;0;0;0;0;0;0;0;0;0;0;0
ASUs_000232556;0;0;0;0;0;0;0;0;0;0;0;0;2;0;0;0;0;0;0;0;0;0;0;0;0
ASUs_000260476;0;0;0;0;1;1;0;0;0;0;0;0;0;0;0;0;0;0;0;0;0;0;0;0;0
ASUs_000005413;0;0;0;1;0;2;0;0;3;0;0;0;0;0;0;0;0;0;0;0;0;0;1;0;0
ASUs_000052449;0;0;0;0;0;0;0;0;0;0;0;0;0;0;0;0;0;0;0;0;1;0;0;0;0
ASUs_000053719;3;0;0;0;2;0;0;0;0;0;0;1;0;0;0;0;0;0;0;0;0;0;0;0;0
ASUs_000060528;0;0;0;0;0;0;0;0;0;0;0;0;0;0;0;0;0;0;0;2;0;0;0;3;0
ASUs_000227955;0;0;0;0;0;0;0;0;0;0;3;0;0;1;1;11;0;0;0;0;0;0;0;0;0
ASUs_000263414;0;0;0;0;0;0;0;0;0;0;0;0;0;0;7;0;0;0;0;0;0;0;0;0;0
ASUs_000035007;0;0;0;0;0;0;0;0;0;0;0;1;1;3;0;0;0;0;0;0;0;0;0;0;0
ASUs_000053636;0;0;0;0;0;0;0;0;0;2;17;0;0;0;0;0;0;0;0;0;0;0;0;0;0
ASUs_000070308;0;0;0;0;0;0;2;0;0;0;0;0;3;0;0;0;0;0;0;0;1;0;0;0;0
ASUs_000071209;0;0;1;0;0;0;0;0;0;2;0;4;0;0;0;0;0;0;0;0;0;0;0;0;0
ASUs_000089254;0;0;0;0;0;0;0;0;0;0;0;0;0;0;0;0;0;0;0;0;0;1;7;0;0
ASUs_000091348;0;0;3;0;0;0;0;0;0;0;2;0;0;0;1;0;0;0;0;0;0;0;0;0;0
ASUs_000113560;1;0;0;0;0;1;1;3;0;0;0;0;0;0;0;0;0;0;0;0;0;0;0;0;0
ASUs_000204145;0;0;1;0;0;1;0;0;0;0;0;0;0;0;0;0;0;0;0;0;0;0;0;0;0
ASUs_000255664;0;0;0;0;0;1;0;0;0;0;0;0;0;0;0;0;0;0;0;0;0;0;0;0;0
ASUs_000027060;0;1;0;0;0;4;1;0;0;0;0;0;0;0;0;0;1;0;1;0;0;0;0;0;0
ASUs_000061530;0;0;0;0;0;0;0;0;0;0;0;0;0;0;0;1;0;0;0;0;2;0;0;0;0
ASUs_000080597;0;0;2;0;0;0;0;0;0;1;0;0;0;0;0;0;0;0;0;0;0;0;0;2;3
ASUs_000108766;1;0;0;0;0;1;0;0;0;0;0;0;0;0;0;0;0;0;0;0;0;0;0;0;0
ASUs_000294133;0;0;0;3;0;0;0;0;0;0;0;0;0;0;0;0;0;0;0;0;0;0;0;0;0
ASUs_000016000;0;0;0;0;0;1;2;0;0;0;3;0;1;0;0;0;0;0;1;0;2;1;0;0;3
ASUs_000028351;0;0;0;0;0;0;0;1;0;1;0;0;0;0;1;0;0;10;0;0;0;0;0;2;0
ASUs_000033775;0;0;1;0;0;0;0;4;0;0;0;0;0;0;0;0;0;1;0;0;0;0;0;0;0
ASUs_000110786;2;1;0;0;0;2;1;0;0;0;0;0;0;0;0;0;0;0;0;0;0;0;0;0;0
ASUs_000162149;0;0;0;0;0;0;0;0;0;0;13;0;0;0;0;0;0;0;0;0;0;0;0;0;0
ASUs_000211146;2;0;0;0;0;0;4;0;0;0;0;0;0;0;0;0;0;0;0;0;0;0;0;0;0
ASUs_000032511;0;0;0;0;0;0;0;0;0;0;0;0;0;0;0;0;0;2;12;0;0;0;0;0;0
ASUs_000054674;0;0;0;0;0;0;0;1;0;0;0;0;0;0;0;0;0;0;0;0;0;0;0;0;0
ASUs_000091245;0;1;0;0;0;0;0;0;0;0;0;0;0;0;0;0;0;0;0;0;0;0;0;0;0
ASUs_000096612;0;0;0;0;0;0;0;0;0;0;1;2;0;0;0;0;0;0;0;0;0;0;0;0;0
ASUs_000003256;0;0;0;0;0;0;0;0;0;0;0;0;0;0;0;0;1;0;0;6;0;0;1;0;0
ASUs_000025935;0;0;0;2;0;3;0;0;2;0;0;0;1;0;0;0;2;0;0;0;0;5;0;0;0
ASUs_000029669;0;0;0;0;0;0;0;0;0;0;0;0;0;0;0;0;0;0;3;0;0;0;0;0;0
ASUs_000075425;0;0;0;0;0;0;0;0;1;1;2;0;0;0;0;11;0;0;0;0;0;0;0;0;0
ASUs_000056106;0;0;0;0;0;7;0;0;0;0;1;1;2;0;1;0;0;0;2;2;0;0;0;0;1
ASUs_000094762;0;0;0;0;0;0;0;0;0;0;0;4;0;3;0;0;0;0;0;0;2;0;0;0;0
ASUs_000376833;0;0;0;0;0;0;6;0;0;0;0;0;0;0;0;0;0;0;0;0;0;0;0;0;0
ASUs_000524766;0;0;0;0;0;0;0;0;0;0;0;0;0;2;0;0;0;0;0;0;0;0;0;0;0
ASUs_000077542;0;0;0;0;0;0;0;0;0;0;0;0;0;0;0;0;0;0;0;0;0;0;0;0;1
ASUs_000000080;0;0;0;0;0;0;0;0;0;0;0;0;0;0;0;0;1;1;0;0;0;0;0;0;0
ASUs_000009952;0;0;0;0;0;0;0;1;0;0;0;0;0;0;0;0;0;0;0;0;0;0;0;0;0
ASUs_000013205;0;0;0;0;0;0;0;0;0;1;0;0;0;0;0;1;0;1;1;0;2;0;0;2;0
ASUs_000013816;0;0;0;0;0;1;0;0;0;0;0;0;1;0;1;0;0;0;2;2;0;0;1;0;0
ASUs_000019952;2;0;1;0;0;1;1;0;2;0;2;1;2;0;0;0;0;2;3;2;0;0;0;0;0
ASUs_000107158;0;0;0;0;0;0;0;0;1;0;0;0;0;0;0;0;0;0;0;0;0;2;0;0;1
ASUs_000172462;0;0;9;0;0;0;0;0;0;0;0;0;0;0;0;0;0;0;0;0;0;0;0;0;0
ASUs_000005463;0;0;0;0;0;0;0;0;0;0;0;0;0;0;0;0;1;0;0;0;0;2;0;0;0
ASUs_000075835;0;0;0;0;0;0;0;0;0;0;0;0;0;0;0;0;0;0;0;1;0;0;0;9;0
ASUs_000105710;0;0;0;2;0;0;0;0;1;0;0;0;0;0;0;0;0;0;0;0;0;4;0;0;0
ASUs_000110272;0;0;0;2;0;0;0;0;0;0;0;0;0;0;0;0;0;0;0;0;0;0;0;0;0
ASUs_000110973;0;0;0;1;0;0;0;0;1;0;0;0;0;0;0;1;0;0;0;0;0;0;0;0;0
ASUs_000003360;0;0;0;0;0;0;0;0;0;0;0;0;0;0;0;0;2;0;0;0;0;1;0;0;2
ASUs_000005827;0;0;0;0;0;0;0;0;0;0;0;0;0;0;0;0;1;0;0;0;1;0;1;0;0
ASUs_000014889;0;0;0;0;0;0;0;0;0;0;0;0;0;0;0;0;1;2;1;0;7;0;0;0;0
ASUs_000133385;1;0;0;3;1;0;0;0;1;0;0;0;0;0;0;0;0;0;0;0;0;0;0;0;0
ASUs_000137694;0;0;0;0;0;0;1;0;0;0;0;0;0;0;0;0;0;0;0;0;0;0;3;0;3
ASUs_000024779;0;0;1;0;0;4;2;0;0;0;0;0;0;0;0;0;0;0;0;0;0;0;0;0;0
ASUs_000492000;0;0;0;0;0;0;0;0;0;0;0;2;8;6;0;0;0;0;0;0;0;0;0;0;0
ASUs_000017783;0;0;0;0;0;0;0;1;0;0;0;0;0;0;1;0;0;1;0;0;0;0;1;0;0
ASUs_000028261;0;1;0;0;0;4;3;0;0;0;0;0;2;1;2;0;0;0;0;0;1;0;0;0;0
ASUs_000058750;0;0;1;0;0;0;0;0;0;0;0;2;0;0;0;0;0;0;0;0;0;0;0;0;0
ASUs_000206622;2;4;3;0;3;0;0;0;0;0;0;0;0;0;0;0;0;0;0;0;0;0;0;0;0
ASUs_000017697;0;0;0;0;2;0;3;0;0;0;0;0;0;0;0;0;0;0;0;0;0;1;0;0;0
ASUs_000025041;2;0;0;0;1;0;2;2;0;0;0;0;0;0;0;0;0;0;0;0;0;0;0;0;0
ASUs_000094502;0;0;0;0;0;0;0;0;0;0;0;4;0;0;0;0;0;0;0;0;0;0;0;0;0
ASUs_000097491;0;0;0;0;0;0;0;0;0;0;0;1;1;0;0;0;0;1;0;0;0;0;0;0;0
ASUs_000039738;0;0;0;0;0;0;0;0;0;0;5;0;0;0;3;0;0;2;3;0;0;0;0;1;0
ASUs_000105426;0;0;0;0;0;0;0;0;0;0;0;0;0;0;0;0;0;0;0;0;0;6;0;0;0
ASUs_000112645;2;0;0;0;2;0;0;0;0;0;0;0;0;0;0;0;0;0;0;0;0;0;0;0;0
ASUs_000003892;0;0;0;4;0;0;0;0;0;0;0;1;3;0;0;0;0;0;0;1;1;0;1;0;0
ASUs_000034693;0;0;0;0;0;0;0;0;0;0;0;0;0;0;1;0;0;7;0;0;0;0;0;1;0
ASUs_000004607;0;0;0;0;0;0;0;0;0;0;0;0;0;0;0;0;0;3;0;0;0;0;0;0;0
ASUs_000006757;1;0;0;0;0;0;0;2;2;0;0;1;0;0;0;0;1;2;0;0;0;1;5;0;0
ASUs_000055330;0;0;0;0;0;7;0;0;0;0;0;0;0;0;0;0;0;0;0;0;0;0;0;0;0
ASUs_000077863;0;1;1;0;0;3;0;0;0;0;0;0;0;0;0;1;0;0;1;0;3;0;0;0;0
ASUs_000167816;0;0;2;0;0;0;0;0;0;0;1;0;0;0;0;0;0;0;0;0;0;0;0;0;1
ASUs_000180464;0;0;1;10;0;0;0;0;0;0;0;0;0;0;0;0;0;0;0;0;0;0;0;0;1
ASUs_000002386;0;0;0;0;0;0;0;5;0;0;0;0;0;0;0;0;5;2;0;0;0;0;0;0;0
ASUs_000051271;0;1;0;0;0;0;0;0;0;0;0;0;0;0;0;0;0;0;0;0;0;1;6;0;10
ASUs_000053082;0;0;0;0;0;0;0;0;0;0;0;0;0;0;2;0;0;1;0;19;0;1;10;0;0
ASUs_000105567;0;0;0;0;0;0;0;0;0;0;0;0;0;0;3;0;0;0;0;0;0;1;0;0;0
ASUs_000203102;2;0;0;0;0;0;1;0;0;0;0;0;0;3;0;0;0;0;0;0;0;0;0;0;0
ASUs_000031212;0;0;0;2;0;0;0;0;1;0;1;0;0;0;0;0;0;2;0;0;0;0;0;0;4
ASUs_000064139;0;0;0;0;0;0;1;1;0;0;0;0;0;0;0;0;0;0;0;0;0;0;0;0;0
ASUs_000015036;0;0;0;0;0;0;0;8;0;0;0;0;0;0;0;0;0;0;0;0;0;0;0;0;0
ASUs_000078782;0;0;0;0;0;0;0;0;0;0;0;0;0;1;0;0;0;0;0;0;13;0;0;0;0
ASUs_000198821;0;0;8;0;0;0;0;0;0;0;0;0;0;0;0;0;0;0;0;0;0;0;0;0;0
ASUs_000464572;0;0;0;0;0;0;0;0;0;0;0;0;4;0;0;0;0;0;0;0;0;0;0;0;0
ASUs_000586962;0;1;0;0;0;0;0;0;0;0;0;0;0;0;0;0;0;8;0;8;0;0;0;0;0
ASUs_000266060;0;0;0;0;0;0;0;2;1;0;0;0;1;1;2;0;0;0;0;0;0;0;0;0;0
ASUs_000009317;0;0;0;0;0;0;4;5;0;1;0;0;0;0;0;0;0;0;0;0;0;0;0;0;0
ASUs_000156798;0;0;0;0;0;0;0;0;0;1;0;0;14;1;3;1;0;0;0;0;0;0;0;0;0
ASUs_000213558;1;0;6;0;0;0;0;0;0;0;0;0;0;0;0;0;0;0;0;0;0;0;0;0;0
ASUs_000001893;0;0;0;0;0;0;0;0;0;0;0;0;0;0;0;0;9;1;0;0;0;0;0;0;0
ASUs_000073156;0;0;0;0;0;0;0;0;0;10;0;0;0;0;1;0;0;2;1;0;0;0;0;1;0
ASUs_000096119;0;2;1;0;0;0;0;2;0;0;0;0;0;1;0;0;0;0;0;0;0;0;0;0;0
ASUs_000000580;0;0;0;0;0;0;0;2;0;0;0;0;0;0;0;0;6;1;0;3;0;0;0;0;0
ASUs_000010453;1;0;2;0;0;1;2;0;0;1;0;0;0;0;0;0;0;0;1;0;0;0;0;0;0
ASUs_000032068;0;0;0;0;2;1;0;0;0;0;0;0;0;0;0;0;0;0;0;0;0;0;0;0;0
ASUs_000049274;0;0;0;0;0;0;0;0;0;0;0;0;0;0;0;0;0;0;0;1;0;0;0;0;0
ASUs_000205748;1;0;0;0;0;0;2;0;0;0;0;0;0;0;0;0;0;0;0;0;0;0;0;0;0
ASUs_000262429;0;0;0;0;0;0;0;0;0;2;0;2;6;0;1;0;0;0;0;0;0;0;0;0;0
ASUs_000060755;0;0;0;0;2;0;0;0;1;0;0;2;0;0;0;0;0;0;0;0;0;0;0;1;1
ASUs_000177999;0;0;6;0;1;0;0;1;0;0;0;0;0;0;0;0;0;0;0;0;0;0;0;0;0
ASUs_000247331;0;0;0;0;0;6;1;1;0;0;0;1;0;0;0;1;0;0;0;0;0;0;0;0;0
ASUs_000008901;0;0;0;0;0;2;1;0;0;0;0;0;0;0;0;0;0;0;0;0;0;0;0;0;0
ASUs_000109098;0;1;0;0;0;0;2;0;0;0;0;0;0;0;0;0;0;0;0;0;0;0;0;0;0
ASUs_000263214;0;0;1;0;0;0;3;0;0;0;4;0;0;1;0;0;0;0;0;0;0;0;0;0;0
ASUs_000347573;0;0;0;0;0;6;0;0;0;0;0;0;0;0;0;0;0;0;0;0;1;0;0;0;0
ASUs_000063758;0;1;0;2;1;3;0;1;0;0;2;0;4;0;4;2;1;1;0;12;0;1;2;1;1
ASUs_000162414;0;0;0;2;0;0;1;3;2;0;0;0;0;0;0;0;0;0;0;0;0;0;0;1;0
ASUs_000253544;0;0;0;0;0;0;0;0;0;0;0;0;6;0;0;0;0;0;0;0;0;0;0;0;0
ASUs_000012537;1;1;0;0;0;2;0;0;0;4;2;0;1;0;4;1;0;3;4;5;0;0;0;5;1
ASUs_000014781;0;0;0;0;0;0;0;0;1;0;0;0;0;0;0;0;0;0;0;0;0;0;0;0;11
ASUs_000041442;1;0;0;0;0;0;0;0;12;3;0;0;0;0;2;0;0;0;0;0;0;0;0;0;0
ASUs_000049873;0;0;2;0;0;0;1;0;0;0;0;0;0;0;0;0;0;0;0;0;0;0;0;0;0
ASUs_000002506;0;0;0;0;0;0;0;0;0;0;0;0;0;0;0;0;5;0;0;1;1;3;0;0;1
ASUs_000524682;0;0;0;0;0;0;0;0;0;0;0;0;0;3;0;4;0;0;0;0;0;0;0;0;0
ASUs_000010230;0;0;0;0;0;1;2;0;0;0;2;0;1;0;1;0;0;1;0;0;0;4;2;0;0
ASUs_000052934;0;0;0;0;0;0;0;0;0;0;0;0;0;0;0;1;0;0;1;0;0;0;0;1;0
ASUs_000080556;0;3;0;0;0;0;2;0;0;4;0;0;0;0;0;0;0;0;0;0;0;0;0;0;0
ASUs_000001675;0;0;0;0;0;0;0;0;0;0;0;0;0;0;0;0;6;0;0;0;0;0;0;0;0
ASUs_000021700;0;0;1;2;1;2;1;0;0;6;8;0;0;0;19;3;1;7;4;6;0;6;2;5;0
ASUs_000379922;0;0;0;0;0;0;5;0;0;0;0;0;0;0;0;0;0;0;0;0;0;0;0;0;0
ASUs_000054330;0;0;0;0;0;0;0;0;0;0;4;0;0;0;3;0;0;0;0;0;0;0;0;0;0
ASUs_000044822;0;0;0;0;0;1;5;2;0;0;0;0;0;0;0;0;0;1;0;0;0;0;0;0;0
ASUs_000086224;0;0;1;0;0;0;17;0;0;0;0;0;0;0;0;0;0;0;0;0;0;0;0;0;0
ASUs_000001230;0;0;0;0;0;0;0;0;0;0;0;0;0;0;0;0;3;0;0;0;0;0;0;2;5
ASUs_000003681;0;0;0;0;0;0;0;3;0;0;0;0;0;0;0;0;4;5;0;0;1;0;0;0;0
ASUs_000005455;0;0;1;5;1;1;0;0;0;2;2;0;0;0;3;0;0;0;0;0;2;0;0;0;0
ASUs_000136105;0;0;0;0;0;0;0;0;0;0;0;0;0;0;0;0;0;2;0;0;0;0;7;2;6
ASUs_000446348;0;0;0;0;0;0;0;0;1;0;4;0;0;2;0;1;0;0;0;0;0;0;0;0;0
ASUs_000025397;5;1;0;2;2;0;0;0;3;0;2;0;0;0;3;2;0;1;0;1;0;2;1;9;1
ASUs_000031993;0;0;0;0;1;0;0;1;0;1;0;0;1;0;0;0;0;0;0;0;0;1;0;0;0
ASUs_000064667;1;1;1;2;0;0;0;0;0;1;0;2;3;2;1;1;0;0;0;2;0;0;0;0;0
ASUs_000501487;0;0;0;0;0;0;0;0;0;0;0;0;13;0;0;0;0;0;0;0;0;0;0;0;0
ASUs_000319501;0;0;0;0;2;0;0;0;0;0;0;0;0;0;0;0;0;0;0;0;0;0;0;0;0
ASUs_000050946;0;0;0;0;0;0;0;1;0;0;0;0;0;0;0;0;1;0;2;0;0;0;0;0;0
ASUs_000111293;0;0;0;0;0;0;0;0;0;0;0;0;1;0;0;0;0;0;0;0;0;1;28;0;0
ASUs_000000400;0;0;0;0;0;2;2;0;0;0;0;0;0;0;0;0;0;0;10;0;4;0;0;0;0
ASUs_000002284;0;0;1;0;0;0;0;9;0;0;0;0;0;0;0;0;0;0;0;0;0;0;0;0;0
ASUs_000015953;0;1;0;1;0;1;0;1;0;0;0;2;2;0;0;3;0;0;1;0;1;1;0;0;3
ASUs_000118837;3;0;0;0;0;1;0;0;47;0;2;0;0;0;0;0;0;0;0;0;0;0;0;8;2
ASUs_000307350;0;0;0;0;0;0;0;0;0;0;0;23;1;0;0;0;0;0;0;0;0;0;0;0;0
ASUs_000036929;0;0;0;0;4;0;1;0;0;0;0;0;0;0;0;0;0;0;3;0;0;0;0;4;2
ASUs_000038570;0;0;0;1;0;0;0;0;0;0;2;1;0;0;0;0;0;0;0;0;2;1;0;0;0
ASUs_000047169;0;0;0;1;0;0;0;0;0;0;3;0;0;0;2;1;0;2;4;14;0;1;0;3;0
ASUs_000134817;0;0;0;0;0;0;0;0;0;0;0;0;0;0;0;0;0;0;0;0;0;0;50;0;0
ASUs_000006647;0;0;0;0;4;0;0;0;0;0;0;0;0;0;1;0;3;0;3;7;0;3;0;0;0
ASUs_000507789;0;0;0;0;0;0;0;0;0;0;0;0;3;0;0;0;0;0;0;0;0;0;0;0;1
ASUs_000081974;0;0;0;0;0;0;0;0;0;0;0;14;0;1;0;0;0;0;0;0;0;0;0;0;0
ASUs_000170228;0;0;0;0;0;1;0;0;0;0;0;0;0;0;0;0;0;0;0;0;0;0;0;0;0
ASUs_000034062;0;0;0;0;0;0;0;0;0;2;0;0;0;1;0;27;0;1;1;0;0;0;0;0;0
ASUs_000101096;0;0;0;0;0;0;0;0;0;0;0;0;0;0;0;0;0;0;0;0;1;0;0;0;0
ASUs_000155589;0;0;0;0;0;0;0;0;14;8;0;0;0;0;0;0;0;0;0;0;0;0;0;0;0
ASUs_000400586;0;0;0;0;0;0;0;0;0;0;0;0;0;0;0;1;0;0;0;0;0;0;0;0;0
ASUs_000107193;0;0;0;0;7;0;0;0;0;0;0;0;0;0;3;0;0;0;0;0;0;0;2;0;0
ASUs_000154477;2;5;1;0;0;0;0;0;5;0;0;0;0;0;0;1;0;0;0;0;0;0;0;7;2
ASUs_000044664;0;0;0;0;0;0;0;0;2;0;0;0;1;0;0;12;0;0;0;0;0;0;0;0;0
ASUs_000050371;0;1;0;0;0;0;0;0;0;0;0;0;0;0;0;2;0;0;0;17;0;2;0;0;0
ASUs_000205419;3;2;0;0;0;0;4;0;0;1;0;0;0;0;1;6;0;0;0;0;0;0;0;0;0
ASUs_000048080;0;0;0;0;0;0;15;0;0;0;0;0;0;0;0;0;0;0;1;0;0;0;0;0;0
ASUs_000117311;1;0;0;0;0;0;0;0;1;0;0;0;2;0;0;0;0;0;0;0;0;0;0;0;0
ASUs_000514287;0;0;0;0;0;0;0;0;0;0;0;0;1;0;0;0;0;0;0;0;1;0;0;0;0
ASUs_000003313;0;0;0;0;0;0;0;0;0;0;0;0;0;0;0;0;3;0;0;2;1;2;0;0;0
ASUs_000034977;0;0;0;0;0;0;0;0;2;0;0;0;0;0;0;0;0;0;0;0;0;0;0;39;0
ASUs_000114452;0;0;0;0;13;0;0;0;0;0;2;0;0;0;1;0;0;0;0;0;0;1;0;0;0
ASUs_000150018;0;0;0;0;0;2;0;0;0;2;1;0;0;0;0;1;0;1;1;0;0;0;1;0;0
ASUs_000294443;0;0;0;6;1;0;0;0;0;0;0;0;0;0;0;0;0;0;0;0;0;0;0;0;0
ASUs_000036660;0;0;0;0;0;0;0;0;0;0;1;0;1;0;1;2;0;7;3;0;0;0;0;34;0
ASUs_000077477;0;0;0;0;0;0;0;0;0;0;0;0;0;1;0;0;0;1;5;1;30;0;0;0;0
ASUs_000228106;0;0;0;8;0;0;0;0;0;0;0;0;0;0;0;0;0;0;0;0;0;0;0;0;0
ASUs_000008113;0;0;0;0;1;0;0;0;0;0;0;0;0;0;0;0;1;0;0;0;0;1;0;0;1
ASUs_000003085;0;0;0;0;0;2;0;0;1;0;2;0;0;0;0;0;0;0;0;0;0;1;0;0;6
ASUs_000032632;19;0;1;9;7;0;10;1;4;0;0;2;0;0;0;0;1;0;1;0;0;1;0;4;0
ASUs_000037274;0;0;0;0;0;0;0;0;0;0;0;0;0;0;1;0;0;1;0;0;0;0;0;0;0
ASUs_000079844;0;0;0;0;0;1;0;0;0;0;0;0;0;0;0;0;0;0;0;0;0;0;0;0;0
ASUs_000155103;0;0;0;0;0;0;0;0;0;20;0;0;0;0;1;0;0;0;0;0;0;0;0;0;0
ASUs_000155469;15;0;0;0;0;0;0;0;0;0;0;0;0;0;0;0;0;0;0;0;0;0;0;2;0
ASUs_000009883;0;0;0;0;0;0;0;0;0;2;0;4;0;0;2;0;0;1;1;0;5;0;0;0;2
ASUs_000060872;0;0;0;1;0;0;0;0;0;0;2;0;0;0;1;0;9;0;1;13;1;1;0;0;11
ASUs_000215349;0;0;0;0;1;0;27;0;0;0;0;0;0;0;0;0;0;0;0;0;0;0;0;0;0
ASUs_000012290;0;1;0;1;0;0;0;0;0;0;0;1;5;0;2;0;0;0;0;0;3;2;13;1;4
ASUs_000078593;0;0;0;0;0;0;0;0;0;0;0;0;1;0;1;0;0;0;0;0;1;4;29;0;0
ASUs_000096935;0;0;1;0;0;0;0;0;0;0;0;0;0;0;0;0;0;0;0;0;0;0;0;0;0
ASUs_000000512;0;0;2;1;1;1;0;0;0;0;0;2;1;1;0;3;0;0;0;2;0;1;0;0;0
ASUs_000000528;0;0;0;1;0;0;0;0;0;0;0;0;0;0;0;0;4;0;0;3;3;1;0;0;0
ASUs_000001131;0;0;0;0;0;0;0;0;0;0;0;0;0;0;0;0;7;0;0;0;4;4;3;0;1
ASUs_000009587;0;0;1;0;0;0;0;0;0;0;13;0;0;0;0;1;1;0;0;0;0;0;0;0;0
ASUs_000000659;0;0;6;0;0;0;1;0;0;0;0;0;0;0;0;0;1;0;0;0;1;2;0;0;1
ASUs_000010988;0;0;3;0;1;0;0;1;0;0;0;0;1;0;0;0;1;0;0;0;0;0;0;1;0
ASUs_000037978;1;3;0;0;0;0;2;2;1;0;0;0;0;0;0;1;0;0;0;0;1;0;0;0;0
ASUs_000045368;2;0;1;0;0;1;12;0;0;0;0;0;0;0;0;0;0;0;3;0;1;0;0;0;0
ASUs_000000596;0;0;0;2;2;1;0;1;1;0;2;0;5;0;1;0;2;4;0;5;1;7;0;2;4
ASUs_000294602;0;0;0;5;0;0;0;0;0;0;0;8;17;4;0;0;0;0;0;0;0;0;0;0;0
ASUs_000035224;0;1;18;1;0;0;2;0;0;0;0;0;0;0;0;0;0;0;0;0;0;0;0;0;0
ASUs_000138548;0;0;1;0;6;0;0;1;0;0;0;0;0;0;0;0;0;0;0;0;0;0;0;0;0
ASUs_000102880;0;0;0;0;0;0;0;0;0;0;0;0;0;0;1;0;0;0;0;0;0;0;33;0;0
ASUs_000198933;28;2;0;0;0;0;0;11;0;0;0;0;5;0;3;0;0;0;0;0;1;0;2;2;0
ASUs_000003135;0;0;1;1;2;10;3;2;0;1;4;0;14;0;3;0;4;0;5;1;2;1;4;1;1
ASUs_000011893;2;2;0;1;0;0;3;3;0;0;0;0;0;0;0;0;0;0;0;0;0;0;0;0;0
ASUs_000019770;3;0;0;0;0;0;0;0;25;0;0;0;0;0;0;0;0;0;0;0;0;0;0;0;0
ASUs_000246010;0;0;0;0;0;0;0;1;0;0;0;0;0;0;0;0;0;0;0;0;0;0;0;0;0
ASUs_000047927;0;0;0;0;0;0;0;0;0;0;0;0;0;0;0;0;0;0;3;0;0;0;0;0;0
ASUs_000024473;0;0;0;0;0;0;1;0;0;0;0;0;0;0;0;0;0;0;0;0;0;0;0;0;0
ASUs_000105845;0;0;0;1;1;0;0;0;0;0;0;0;0;0;0;0;0;0;0;0;0;11;1;0;0
ASUs_000188922;0;4;0;0;0;2;0;0;0;0;0;0;0;0;0;0;0;0;0;0;0;0;0;0;0
ASUs_000198968;13;8;0;0;0;0;0;1;0;0;0;0;0;0;0;0;0;0;0;0;0;0;0;0;0
ASUs_000008755;4;4;6;2;11;4;2;2;0;5;1;0;2;0;2;0;3;3;4;5;7;3;1;10;2
ASUs_000487143;0;0;0;0;0;0;0;0;0;0;0;15;16;0;0;0;0;0;0;0;0;0;0;0;0
ASUs_000017827;10;1;1;4;0;7;2;13;1;1;1;0;2;2;2;9;2;1;0;1;1;1;1;0;0
ASUs_000038915;1;0;0;0;0;0;0;0;0;0;0;0;0;0;8;3;0;0;0;0;0;0;0;0;0
ASUs_000308212;1;0;1;5;1;0;0;0;0;0;0;18;0;0;0;0;0;0;0;0;0;0;0;0;0
ASUs_000049773;0;1;4;3;0;6;7;0;0;0;0;0;0;1;0;0;0;0;4;0;5;0;1;0;0
ASUs_000099857;0;0;0;0;0;2;4;5;0;0;0;0;0;0;0;0;0;0;0;0;0;0;0;0;0
ASUs_000143500;0;0;0;0;0;0;0;0;0;3;0;29;0;0;0;0;0;0;0;0;0;0;0;0;0
ASUs_000085380;0;0;0;0;0;18;3;0;0;2;1;0;1;0;4;0;0;0;0;0;0;0;0;0;0
ASUs_000044737;10;0;1;0;1;0;8;0;1;0;2;1;0;1;0;2;0;1;5;2;0;0;0;1;0
ASUs_000006443;0;0;1;0;0;0;0;0;0;0;0;2;0;0;0;0;0;12;2;0;0;1;1;18;7
ASUs_000002729;0;22;0;0;0;1;0;0;0;0;0;0;0;1;0;0;2;0;0;0;0;0;0;0;0
ASUs_000046372;0;1;0;0;0;0;0;0;0;0;0;0;0;1;0;0;0;0;0;0;0;0;0;0;0
ASUs_000187537;0;0;0;0;0;0;0;0;0;0;0;0;0;0;0;1;0;0;0;0;0;0;0;0;0
ASUs_000174949;0;0;0;0;0;13;0;0;0;0;0;0;2;0;0;0;0;0;0;0;1;0;0;0;1
ASUs_000016940;0;0;0;0;0;0;0;0;6;0;7;5;2;4;1;4;1;0;1;0;0;0;0;0;0
ASUs_000053374;0;0;0;0;0;1;17;0;0;0;0;0;1;5;0;0;0;0;0;0;0;0;0;2;0
ASUs_000003138;0;1;1;0;0;0;0;0;0;0;0;2;0;0;0;0;0;0;1;3;2;0;0;2;1
ASUs_000050900;0;1;4;0;0;1;0;1;0;0;0;0;0;2;0;0;0;0;1;0;0;0;0;2;0
ASUs_000001074;3;0;0;1;0;3;5;1;5;0;1;2;1;2;2;0;5;1;3;1;4;4;3;0;0
ASUs_000005207;0;0;0;0;0;0;3;0;0;0;2;0;0;0;0;1;1;0;10;0;0;0;0;0;0
ASUs_000021809;2;0;4;0;8;0;0;7;0;0;0;0;0;0;0;0;0;0;0;0;1;0;0;0;0
ASUs_000048079;2;0;0;0;0;0;1;0;0;0;0;0;0;0;0;0;0;0;1;0;0;0;0;0;1
ASUs_000002375;0;1;2;2;0;0;0;0;3;0;0;4;0;1;1;0;0;1;2;1;8;4;24;0;0
ASUs_000069293;0;15;0;0;0;0;0;0;0;0;0;0;0;0;0;0;0;0;0;0;0;1;0;0;0
ASUs_000001601;0;0;0;0;0;0;0;0;0;0;0;0;0;0;0;0;12;2;6;0;0;0;3;0;3
ASUs_000229504;0;0;2;0;0;0;0;0;0;0;0;0;0;0;0;0;0;0;0;0;0;0;0;0;0
ASUs_000011509;0;0;0;17;0;0;0;0;5;1;0;0;0;0;0;0;0;0;0;0;0;0;0;0;0
ASUs_000040122;0;0;0;0;0;0;0;0;0;0;0;0;1;0;0;1;0;0;0;32;0;0;2;0;0
ASUs_000043048;0;0;0;0;0;0;0;0;7;0;18;0;0;0;10;3;0;1;0;0;0;0;0;0;0
ASUs_000104757;0;1;0;0;0;0;0;0;0;0;0;3;15;22;0;2;0;0;0;0;0;0;1;0;0
ASUs_000183377;0;0;0;0;0;0;0;0;6;0;0;0;5;0;0;0;0;0;0;0;0;0;0;0;0
ASUs_000138960;0;0;0;0;0;0;0;0;0;0;0;0;33;0;0;0;0;0;0;0;0;0;0;0;0
ASUs_000052737;0;0;1;0;0;0;0;0;1;0;0;4;0;0;5;1;0;0;1;0;0;0;0;0;0
ASUs_000075689;0;1;0;0;0;1;0;0;0;0;0;0;2;0;0;0;0;0;0;0;0;0;0;0;0
ASUs_000055736;0;0;1;0;0;0;0;0;0;0;0;0;0;0;0;1;0;0;0;0;0;0;0;0;0
ASUs_000173657;10;0;1;30;0;0;0;6;4;2;0;0;0;0;0;0;0;0;0;0;0;0;0;0;4
ASUs_000005462;1;0;1;1;2;0;0;10;0;11;1;1;0;0;2;0;4;7;0;0;1;3;1;1;1
ASUs_000105995;0;0;0;0;6;0;0;0;0;0;0;0;0;0;7;0;2;0;0;0;0;5;11;0;0
ASUs_000078238;0;0;0;0;0;2;0;0;0;0;0;0;0;0;0;0;0;0;0;0;0;0;0;0;0
ASUs_000047703;2;0;1;5;4;3;7;0;1;5;10;1;0;0;25;2;4;0;5;1;0;0;0;3;1
ASUs_000038423;0;0;0;1;0;1;0;0;0;0;0;0;0;0;0;0;0;14;6;0;1;0;1;2;0
ASUs_000001287;0;1;4;4;3;1;4;2;5;1;3;1;0;1;0;0;2;2;1;0;0;0;1;0;1
ASUs_000051191;14;0;0;0;0;0;0;0;5;1;1;1;0;0;2;0;0;0;2;6;1;0;14;9;2
ASUs_000009835;3;0;0;5;0;0;0;0;0;0;0;3;0;0;0;1;1;4;2;2;3;0;0;0;0
ASUs_000113685;0;0;0;0;23;0;3;0;0;0;0;0;1;2;0;0;0;0;0;0;0;0;0;0;0
ASUs_000006569;0;0;0;0;0;0;0;0;0;0;0;0;1;0;3;0;2;23;0;0;16;5;1;2;2
ASUs_000077452;0;0;0;2;0;1;1;0;0;0;0;2;4;0;0;0;0;0;1;1;44;0;0;0;0
ASUs_000008710;1;1;0;0;0;1;0;0;0;2;1;0;0;0;1;1;2;1;0;2;1;0;0;5;2
ASUs_000048950;0;2;1;0;6;1;1;1;1;1;0;1;0;0;0;0;0;0;0;0;1;0;1;0;0
ASUs_000010803;14;0;1;0;1;0;1;1;11;0;7;0;0;0;0;0;0;0;0;0;0;0;0;8;3
ASUs_000067568;45;0;0;0;2;0;4;1;0;0;0;0;0;0;0;0;0;0;0;0;0;0;0;3;0
ASUs_000014789;0;0;1;1;2;1;0;0;2;0;0;0;0;0;8;0;1;0;0;0;0;35;3;0;1
ASUs_000006088;0;30;0;3;0;2;0;0;6;0;0;0;0;0;0;0;0;0;0;0;0;1;0;0;4
ASUs_000022742;0;0;3;0;0;7;3;1;0;0;2;0;0;0;0;0;0;0;2;0;5;0;0;0;0
ASUs_000081874;0;0;0;0;0;0;0;0;2;0;1;30;11;12;0;3;0;0;0;0;0;0;0;3;0
ASUs_000000785;1;0;9;0;0;0;4;3;0;0;3;0;0;0;0;0;4;0;21;1;0;0;3;0;1
ASUs_000000253;0;1;0;0;0;2;0;1;1;0;0;0;0;0;0;0;23;5;0;6;0;2;0;1;4
ASUs_000010211;1;0;1;1;1;1;1;1;0;0;0;0;0;0;0;0;0;0;0;0;0;0;0;0;0
ASUs_000105322;0;0;2;0;22;0;0;0;0;0;3;5;0;0;11;0;0;0;0;0;0;9;13;0;6
ASUs_000264492;0;0;2;0;0;0;0;0;0;0;0;0;0;0;0;0;0;0;0;0;0;0;0;0;0
ASUs_000049721;0;0;0;0;0;12;2;1;0;0;0;0;0;0;0;0;0;0;3;0;1;0;0;0;0
ASUs_000024958;3;1;3;34;0;0;0;0;0;0;0;1;0;0;0;0;0;0;0;0;0;0;0;0;0
ASUs_000041496;0;0;0;0;0;0;0;0;0;0;2;0;0;0;0;0;0;2;0;1;1;0;0;0;2
ASUs_000013720;3;1;1;48;1;5;10;0;4;22;18;1;4;7;12;12;3;6;6;0;2;5;1;10;8
ASUs_000014938;1;0;0;14;0;6;2;0;7;26;0;3;1;3;0;1;0;0;4;1;2;0;0;4;0
ASUs_000027627;0;1;0;0;0;1;2;4;4;0;2;2;0;0;1;1;0;0;2;0;0;0;0;0;0
ASUs_000017701;2;2;4;1;2;5;5;2;0;0;0;2;2;2;1;0;1;1;1;6;4;4;2;7;4
ASUs_000010816;0;2;0;0;0;0;2;31;0;0;0;0;0;0;5;0;0;0;0;0;0;0;0;0;0
ASUs_000049175;1;0;0;0;0;0;0;0;0;0;1;0;1;0;0;0;0;0;1;0;37;0;6;34;0
ASUs_000021154;4;28;7;2;8;0;1;3;0;0;0;2;1;1;1;4;2;1;10;6;3;3;2;4;0
ASUs_000106321;3;0;1;0;65;0;0;0;0;0;0;0;0;0;6;0;0;0;0;0;0;3;1;2;0
ASUs_000011248;4;0;1;17;2;2;10;22;5;0;0;1;1;0;0;0;0;0;0;0;0;0;0;1;0
ASUs_000051878;0;0;0;0;1;0;0;0;0;3;2;0;0;0;110;1;0;0;0;1;0;0;1;0;0
ASUs_000172468;0;0;32;0;0;0;1;0;0;0;2;0;0;0;0;0;0;0;0;0;0;0;0;0;1
ASUs_000085072;0;2;0;0;0;0;0;2;0;0;1;0;0;0;0;0;0;0;0;0;0;0;0;0;0
ASUs_000057378;0;0;3;0;0;0;0;0;0;0;3;0;0;0;4;9;0;0;2;0;0;0;0;2;1
ASUs_000007045;0;0;0;0;0;72;3;0;1;0;0;0;2;0;0;0;1;0;5;0;2;6;0;0;0
ASUs_000007117;0;7;1;0;0;2;1;0;0;0;0;1;3;49;0;0;2;0;0;0;0;0;0;0;2
ASUs_000058228;0;0;0;0;1;0;0;0;0;0;0;0;0;0;3;0;0;0;0;50;2;11;9;0;0
ASUs_000065734;0;1;0;0;0;0;0;0;0;0;0;0;1;0;0;0;0;0;0;0;0;1;0;0;1
ASUs_000045645;2;0;0;1;7;3;1;0;2;0;0;0;1;0;0;0;0;1;0;0;0;0;0;0;0
ASUs_000054983;0;0;3;0;0;0;0;0;0;0;0;0;0;0;0;0;0;0;0;0;0;0;0;0;1
ASUs_000062355;5;0;0;0;0;0;0;0;0;0;0;0;0;1;0;1;0;0;0;3;0;0;0;0;1
ASUs_000002409;3;0;0;2;0;0;1;2;2;0;1;6;6;1;5;2;0;1;2;0;2;1;0;0;0
ASUs_000039875;1;3;11;0;1;0;1;0;0;1;0;0;0;0;0;1;0;2;0;1;0;0;4;1;2
ASUs_000007354;0;1;0;0;0;3;0;0;22;0;0;0;3;1;0;0;0;0;0;0;0;0;0;2;1
ASUs_000093403;3;0;0;0;0;0;0;0;0;0;0;0;0;0;0;1;0;0;0;0;0;0;0;0;1
ASUs_000161620;102;0;0;0;3;0;0;0;1;0;0;0;0;0;0;0;0;0;0;0;0;0;0;3;0
ASUs_000018505;0;2;0;1;0;1;0;0;2;9;12;0;5;0;15;3;7;12;15;91;0;10;0;6;12
ASUs_000001447;0;0;0;2;2;0;0;0;0;0;0;2;0;1;1;0;5;7;1;7;24;13;2;4;8
ASUs_000000034;0;1;0;3;11;2;2;3;3;0;0;0;0;0;9;2;41;13;1;1;2;39;13;1;0
ASUs_000005411;0;0;1;0;5;0;1;50;0;0;0;0;0;0;0;0;0;0;0;0;0;0;0;0;0
ASUs_000124628;79;10;29;0;0;0;1;0;0;0;0;0;0;0;0;0;0;0;0;0;0;9;1;2;0
ASUs_000000391;2;2;11;2;0;12;9;13;1;1;2;7;1;4;3;5;7;20;4;6;5;7;4;2;2
ASUs_000082024;0;0;2;0;0;0;1;0;0;0;0;0;0;2;0;0;0;0;0;0;0;0;0;0;0
ASUs_000005119;5;0;0;2;0;1;1;0;10;3;3;2;3;1;11;0;0;3;7;25;13;9;35;8;0
ASUs_000015158;0;1;0;0;0;2;0;1;16;0;3;0;9;1;0;0;0;0;1;0;1;0;0;0;0
ASUs_000052176;0;0;0;0;0;0;0;0;0;9;23;65;0;1;85;7;0;0;2;0;0;0;5;0;0
ASUs_000025301;19;16;16;45;3;4;0;0;3;17;4;0;0;17;1;6;0;0;0;0;0;1;0;1;0
ASUs_000021050;0;0;0;0;0;0;0;0;12;0;0;0;9;0;0;0;1;0;0;0;1;0;0;0;1
ASUs_000000138;0;0;1;0;0;0;0;1;4;0;4;15;8;16;0;0;8;0;4;0;1;1;0;0;0
ASUs_000023795;10;0;9;14;33;0;1;0;0;19;3;48;0;0;1;0;1;0;0;0;0;4;0;0;0
ASUs_000000287;0;0;0;0;0;1;1;0;1;1;6;0;4;0;2;0;12;44;4;11;7;4;2;6;4
ASUs_000001358;6;4;3;2;8;28;7;10;14;1;5;3;15;0;11;5;19;15;6;18;4;24;13;10;6
ASUs_000012859;9;0;1;0;0;13;1;2;1;0;1;0;4;0;0;0;1;4;3;0;1;0;1;1;1
ASUs_000000468;0;0;0;0;0;1;0;3;0;0;0;0;0;0;2;1;9;3;5;6;3;25;0;0;3
ASUs_000020056;5;28;6;0;2;0;0;0;1;0;8;0;3;5;1;3;0;0;1;0;2;1;1;3;0
ASUs_000000303;2;4;1;14;10;15;40;13;1;0;1;0;0;0;3;2;2;3;3;0;7;13;8;0;4
ASUs_000038073;9;7;0;0;0;0;0;0;0;3;18;3;12;55;6;186;0;0;1;2;2;0;0;0;3
ASUs_000051352;0;80;15;0;0;0;2;0;0;0;0;0;0;0;23;8;0;0;0;0;0;0;0;2;0
ASUs_000000109;0;8;0;1;6;35;4;8;0;0;0;0;4;0;0;1;36;1;2;1;2;23;4;0;0
ASUs_000003220;0;0;0;0;0;63;14;0;0;0;0;0;0;0;0;0;1;0;0;0;1;2;0;0;1
ASUs_000003103;0;9;2;18;0;2;2;0;1;0;0;4;2;1;4;2;0;2;2;3;2;7;2;0;8
ASUs_000062359;0;1;24;8;1;0;0;0;0;0;0;22;30;37;0;0;0;0;0;1;1;0;0;0;1
ASUs_000053682;1;0;8;0;0;0;49;0;0;0;18;0;0;4;8;1;0;0;2;1;0;0;0;0;0
ASUs_000029138;1;9;32;0;0;2;5;0;0;0;0;2;2;1;1;1;0;0;4;1;3;0;22;34;0
ASUs_000038284;0;0;0;1;0;0;0;0;0;264;5;6;0;0;23;1;0;1;1;0;0;0;1;2;0
ASUs_000000828;0;1;0;2;0;3;0;0;1;8;4;0;2;0;2;0;14;9;8;20;5;12;5;0;20
ASUs_000033608;0;0;1;24;0;0;0;0;0;22;1;73;15;0;0;0;0;1;0;2;2;0;72;0;20
ASUs_000040443;0;0;0;0;2;0;2;0;0;1;2;0;0;4;17;4;0;0;5;0;1;1;0;0;4
ASUs_000107155;0;0;4;0;91;2;2;1;0;0;0;1;69;0;3;0;0;0;0;0;0;1;8;0;0
ASUs_000004848;20;4;37;17;31;17;24;22;12;1;4;2;3;0;6;5;11;0;3;1;2;17;9;1;10
ASUs_000034688;127;0;0;0;2;0;3;4;30;0;0;0;0;0;0;0;0;1;0;2;0;0;0;18;0
ASUs_000002518;28;0;23;1;1;2;2;0;49;0;15;0;0;0;1;1;2;0;0;0;1;4;1;32;27
ASUs_000002578;0;0;1;2;19;3;4;2;1;10;17;3;0;0;5;0;25;129;129;14;31;22;1;3;66
ASUs_000000472;5;1;3;1;2;3;3;1;6;3;7;41;10;21;6;4;22;49;5;4;26;20;34;35;16
ASUs_000000084;0;0;2;0;0;0;0;0;0;2;5;1;21;0;2;2;31;133;25;2;3;6;8;3;3
ASUs_000007621;1;3;9;1;5;13;9;8;7;11;20;1;27;8;13;17;3;7;13;15;5;8;8;87;33
ASUs_000000162;0;3;2;9;0;3;0;1;0;3;7;5;0;1;3;2;58;14;0;31;14;33;0;0;12
ASUs_000002097;4;2;9;1;0;13;32;0;11;7;2;44;30;7;0;6;12;20;1;2;35;12;2;14;10
ASUs_000079552;0;0;0;0;0;0;0;0;0;0;1;0;0;0;0;0;0;0;0;0;0;0;0;0;2
ASUs_000032143;5;1;3;3;1;2;6;2;0;30;6;110;3;37;16;12;0;4;3;2;3;0;0;0;0
ASUs_000004291;3;5;2;0;0;5;0;20;1;0;1;0;0;3;0;3;2;0;2;0;2;0;0;0;2
ASUs_000006352;0;3;3;1;0;2;2;3;0;0;0;0;1;6;0;2;0;0;5;1;11;1;1;0;6
ASUs_000000071;1;8;14;47;12;17;10;5;8;10;12;13;2;4;16;8;21;7;19;10;16;78;41;24;23
ASUs_000000473;15;8;5;8;2;2;15;20;3;9;11;11;5;12;1;18;60;62;50;8;73;1;0;10;2
ASUs_000050396;0;0;1;0;0;3;1;1;0;0;1;0;0;1;0;0;1;0;0;0;1;0;0;0;1
ASUs_000006609;4;1;6;60;1;1;24;1;4;91;4;50;21;1;5;4;3;1;4;14;8;1;19;3;1
ASUs_000001781;9;0;9;0;1;0;5;261;0;0;0;0;0;0;0;0;6;5;0;0;0;0;0;0;0
ASUs_000002108;0;11;6;0;1;10;5;1;21;0;0;0;3;7;0;0;3;1;3;0;6;0;0;0;8
ASUs_000001520;7;31;37;50;68;25;17;3;10;10;6;29;78;38;11;57;6;8;16;14;36;8;19;19;25
ASUs_000000434;143;78;33;55;23;203;40;115;42;2;8;5;4;14;6;13;40;20;19;33;60;25;13;20;68
ASUs_000002334;45;14;56;21;48;6;26;4;95;39;51;30;48;28;27;44;5;0;26;10;6;7;4;11;5
ASUs_000000562;5;14;10;118;17;24;34;79;13;16;3;9;7;4;10;3;44;20;12;8;26;81;44;3;17
ASUs_000001980;16;5;5;18;36;19;6;2;79;45;84;5;3;2;26;3;26;26;25;31;142;50;35;67;72
ASUs_000000337;33;6;33;73;0;51;48;169;124;55;8;12;1;1;0;7;45;10;5;1;6;0;0;3;7
ASUs_000001730;420;49;139;242;350;72;294;39;302;291;107;91;64;28;266;129;27;47;141;175;82;172;133;438;72
ASUs_000006755;3;7;6;1;3;23;8;3;2;1;5;1;11;5;4;7;0;1;4;3;2;1;2;0;5
ASUs_000000088;4;12;44;2;2;166;31;9;1;2;5;3;2;2;6;4;6;22;13;2;6;1;2;0;18
ASUs_000001286;2;3;125;1;307;4;27;66;3;0;14;1;0;4;5;2;3;9;6;0;7;8;8;0;25
ASUs_000002011;4;15;18;7;8;21;35;34;8;5;10;4;4;11;17;8;6;4;9;0;15;1;1;0;12
ASUs_000002308;0;573;0;1;0;8;0;0;0;0;1;0;0;2;0;11;1;0;0;0;0;1;0;0;12
ASUs_000001244;4;31;48;55;2;151;131;74;10;7;9;14;1;11;21;10;22;9;21;1;24;6;1;5;31
ASUs_000000012;0;11;3;19;1;24;1;2;1;24;46;1;3;1;32;7;212;132;111;100;39;121;27;3;194
ASUs_000000165;9;60;30;2;0;38;18;25;103;0;4;1;9;21;0;3;27;1;5;2;27;1;0;0;43
ASUs_000000070;102;59;54;18;303;170;132;240;73;8;37;5;66;8;75;18;84;56;46;72;20;121;50;24;37
ASUs_000000650;347;29;352;150;119;86;326;130;240;209;115;116;103;27;75;44;73;79;123;151;52;100;132;119;91
ASUs_000000155;16;122;140;16;28;95;110;269;26;21;39;12;12;54;46;60;52;25;49;11;28;11;8;6;77
ASUs_000000075;47;55;97;206;158;153;104;75;160;82;112;60;42;21;196;85;287;107;210;156;84;578;372;159;302
ASUs_000000113;11;43;22;23;15;25;21;11;25;25;49;142;380;254;25;52;24;34;40;21;138;13;90;23;38
ASUs_000000036;98;190;301;353;320;106;83;116;287;303;433;106;128;135;575;289;277;527;356;585;178;369;311;367;216
ASUs_000000018;432;690;448;498;190;464;447;377;425;656;918;1083;952;1430;428;1171;660;621;739;562;947;219;595;588;657